<!DOCTYPE frontPage
 [
  <!ENTITY languageMenu SYSTEM "../Data/languageLabels.inc">
 ]
>


<frontPage lang='dut' xmlns:html="http://www.w3.org/TR/REC-html40"
  idref="z19991208">

  <menu>
    <items>
      <a id="index" target="_top" class="naviBlack" href="../Output_dut/example1.html">Start</a>
      <a id="index" target="_top" class="naviBlack" href="../General_dut/examples.html">Index</a>
    </items>
  </menu>


  <languageMenu>
     &languageMenu;
  </languageMenu>


 <head>
  <author id="nicmila"/>
  <author id="jiratj"/>
  <translator id="duymelinck"/>
  <title>XPath handleiding</title>
 </head>
 <body>

  <section>
   <title>Inleiding</title>
   <para>
XPath is beschreven in <html:a href="http://www.w3.org/TR/xpath">XPath 1.0 standard</html:a>. In deze handleiding worden verschillende XPath  kenmerken gedemonstreerd op vele voorbeelden.
</para>
  </section>

<section>
<para>U kan starten bij de link hieronder:</para>
<list>
<item><html:a href="../Output_dut/example1.html">Voorbeeld 1</html:a></item>
</list>

<para>of een deel kiezen uit het linkerframe van de pagina.</para>
</section>

  <section>
   <title>Bekijk ook</title>
   <list>
    <item>
     <html:a href="http://www.zvon.org:9001/saxon/cgi-bin/XLab/XML/xlabIndex.html?stylesheetFile=XSLT/xlabIndex.xslt">XLab</html:a> - interactive XPath experiments
    </item>
    <item>
     <link idref="z19991207">XML handleiding</link>
    </item>
    <item>
     <link idref="z19991203">DTD tutorial</link>
    </item>
    <item>
     <link idref="z20000810d">XML Namespace handleiding</link>
    </item>
    <item>
      <link idref="z20001220">XHTML 1.0 reference</link>
    </item>
    <item>
     <link idref="z20001221">XHTML Basic reference</link>
    </item>
   </list>
  </section>
  <zvonXSLT/>

  <section>
   <title>Credits</title>
   <list>
    <item>Miloslav Nic - programming and examples</item>
    <item>Jiri Jirat - tree view of examples</item> 
    <item>David Duymelinck - Dutch translation</item> 
   </list>
  </section>


  <keywords/>
  <zvon/>
  <downloads/>
 </body>

 <appendix>
  <referrer id="XPath+Tutorial"/>
  <copyright id="systinet" year="2000"/>
  <zvonLink id="zvonLink1"/>
  <licence id="FDL"/>
  <licence id="GPL"/>
  <program id="saxon"/>
  <program id="python"/>
  <program id="batik"/>
 </appendix>

<indexFrame upbarlink="../Output/_upbar.html" file="Output_dut/index.html">
 <links/>
 <frameset cols="250,*">
   <frame name="mainIndex" src="../Output_dut/examples.html"/>
   <frame name="mainWindow" src="../Output_dut/introduction.html"/>
 </frameset>
</indexFrame>


</frontPage>













